{
  "version": 3,
  "type": "kit",
  "description": {
    "icon": "http://kaztorka.org/favicon.ico",
    "name": "Kaztorka.org",
    "url": "http://kaztorka.org/",
    "description": "Самый большой казахстанский трекер",
    "version": "1.1"
  },
  "search": {
    "url": "http://kaztorka.org/search",
    "method": "POST",
    "body": "torrentName=%search%"
  },
  "auth": {
    "url": "http://kaztorka.org/auth/login",
    "loginForm": {
      "selector": "#loginForm>div:eq(0)>table>tbody>tr:eq(0)>td.lista"
    }
  },
  "selectors": {
    "row": { "selector": "#searchTable>tbody>tr" },
    "skipFromStart": 1,
    "categoryTitle": {
      "selector": "td.lista.center.cCat>a",
      "pipeline": [{ "name": "getText" }, { "name": "trim" }]
    },
    "categoryUrl": {
      "selector": "td.lista.center.cCat>a",
      "pipeline": [{ "name": "getProp", "args": ["href"] }]
    },
    "title": {
      "selector": "td.lista.cName>a",
      "pipeline": [{ "name": "getText" }, { "name": "trim" }]
    },
    "url": {
      "selector": "td.lista.cName>a",
      "pipeline": [{ "name": "getProp", "args": ["href"] }]
    },
    "size": {
      "selector": "td.lista.center:eq(4)",
      "pipeline": [
        { "name": "getText" },
        { "name": "trim" },
        { "name": "legacySizeFormat" }
      ]
    },
    "seeds": {
      "selector": "td.lista.center:eq(5)",
      "pipeline": [{ "name": "getText" }, { "name": "toInt" }]
    },
    "peers": {
      "selector": "td.lista.center:eq(6)",
      "pipeline": [{ "name": "getText" }, { "name": "toInt" }]
    },
    "date": {
      "selector": "td.lista.center:eq(2)",
      "pipeline": [
        { "name": "getText" },
        { "name": "trim" },
        { "name": "legacyReplaceMonth" },
        { "name": "legacyParseDate", "args": [0] }
      ]
    }
  }
}
